variable,non_null_rows,non_null_share,n_coins,first_week,last_week,frequency_in_panel
google_trends_index_mean,18340,0.982167,70,2021-W24,2026-W25,weekly_panel_column
reddit_submissions_sum,2389,0.127939,63,2021-W24,2025-W21,weekly_panel_column
twitter_followers_end,414,0.022171,68,2026-W19,2026-W26,weekly_panel_column
twitter_followers_wow_pct,346,0.018529,68,2026-W20,2026-W26,weekly_panel_column
holder_count_end,315,0.016869,61,2026-W21,2026-W26,weekly_panel_column
holder_wow_pct,254,0.013603,61,2026-W22,2026-W26,weekly_panel_column
community_growth_index,18360,0.983238,71,2021-W24,2026-W26,weekly_panel_column
code_security_score,16832,0.901408,64,2021-W24,2026-W26,weekly_panel_column
skynet_score,2367,0.126761,9,2021-W24,2026-W26,weekly_panel_column
score_code_security,2367,0.126761,9,2021-W24,2026-W26,weekly_panel_column
peg_deviation_abs_max,10273,0.550153,64,2021-W24,2026-W26,weekly_panel_column
supply_usd_end,9859,0.527982,51,2021-W24,2026-W26,weekly_panel_column
supply_growth_wow_pct,9829,0.526375,51,2021-W24,2026-W26,weekly_panel_column
incident_count,18673,1.0,71,2021-W24,2026-W26,weekly_panel_column
depeg_dummy,18673,1.0,71,2021-W24,2026-W26,weekly_panel_column
sector_shock_flag,18673,1.0,71,2021-W24,2026-W26,weekly_panel_column
security_event_flag,18673,1.0,71,2021-W24,2026-W26,weekly_panel_column
gdelt_entity_mention_rows,2498,0.133776,45,2021-W24,2026-W26,weekly_panel_column
wikipedia_pageviews_sum,3827,0.204948,19,2021-W27,2026-W26,weekly_panel_column
github_commit_count,181,0.009693,4,2021-W24,2025-W40,weekly_panel_column
github_contract_path_commit_count,181,0.009693,4,2021-W24,2025-W40,weekly_panel_column
github_security_keyword_commit_count,181,0.009693,4,2021-W24,2025-W40,weekly_panel_column
github_release_count,181,0.009693,4,2021-W24,2025-W40,weekly_panel_column
github_activity_index,181,0.009693,4,2021-W24,2025-W40,weekly_panel_column
github_repo_full_name,0,0.0,0,,,weekly_panel_column
