variable,year,non_null_rows
google_trends_index_mean,2021,2030
google_trends_index_mean,2022,3640
google_trends_index_mean,2023,3640
google_trends_index_mean,2024,3640
google_trends_index_mean,2025,3640
google_trends_index_mean,2026,1750
reddit_submissions_sum,2021,197
reddit_submissions_sum,2022,495
reddit_submissions_sum,2023,593
reddit_submissions_sum,2024,551
reddit_submissions_sum,2025,553
twitter_followers_end,2026,414
twitter_followers_wow_pct,2026,346
holder_count_end,2026,315
holder_wow_pct,2026,254
community_growth_index,2021,2030
community_growth_index,2022,3640
community_growth_index,2023,3640
community_growth_index,2024,3640
community_growth_index,2025,3640
community_growth_index,2026,1770
code_security_score,2021,1856
code_security_score,2022,3328
code_security_score,2023,3328
code_security_score,2024,3328
code_security_score,2025,3328
code_security_score,2026,1664
skynet_score,2021,261
skynet_score,2022,468
skynet_score,2023,468
skynet_score,2024,468
skynet_score,2025,468
skynet_score,2026,234
score_code_security,2021,261
score_code_security,2022,468
score_code_security,2023,468
score_code_security,2024,468
score_code_security,2025,468
score_code_security,2026,234
peg_deviation_abs_max,2021,562
peg_deviation_abs_max,2022,1478
peg_deviation_abs_max,2023,2144
peg_deviation_abs_max,2024,2317
peg_deviation_abs_max,2025,2514
peg_deviation_abs_max,2026,1258
supply_usd_end,2021,635
supply_usd_end,2022,1551
supply_usd_end,2023,1883
supply_usd_end,2024,2167
supply_usd_end,2025,2383
supply_usd_end,2026,1240
supply_growth_wow_pct,2021,631
supply_growth_wow_pct,2022,1539
supply_growth_wow_pct,2023,1880
supply_growth_wow_pct,2024,2161
supply_growth_wow_pct,2025,2379
supply_growth_wow_pct,2026,1239
incident_count,2021,2059
incident_count,2022,3692
incident_count,2023,3692
incident_count,2024,3692
incident_count,2025,3692
incident_count,2026,1846
depeg_dummy,2021,2059
depeg_dummy,2022,3692
depeg_dummy,2023,3692
depeg_dummy,2024,3692
depeg_dummy,2025,3692
depeg_dummy,2026,1846
sector_shock_flag,2021,2059
sector_shock_flag,2022,3692
sector_shock_flag,2023,3692
sector_shock_flag,2024,3692
sector_shock_flag,2025,3692
sector_shock_flag,2026,1846
security_event_flag,2021,2059
security_event_flag,2022,3692
security_event_flag,2023,3692
security_event_flag,2024,3692
security_event_flag,2025,3692
security_event_flag,2026,1846
gdelt_entity_mention_rows,2021,231
gdelt_entity_mention_rows,2022,372
gdelt_entity_mention_rows,2023,467
gdelt_entity_mention_rows,2024,569
gdelt_entity_mention_rows,2025,575
gdelt_entity_mention_rows,2026,284
wikipedia_pageviews_sum,2021,306
wikipedia_pageviews_sum,2022,669
wikipedia_pageviews_sum,2023,732
wikipedia_pageviews_sum,2024,782
wikipedia_pageviews_sum,2025,896
wikipedia_pageviews_sum,2026,442
github_commit_count,2021,47
github_commit_count,2022,74
github_commit_count,2023,38
github_commit_count,2024,17
github_commit_count,2025,5
github_contract_path_commit_count,2021,47
github_contract_path_commit_count,2022,74
github_contract_path_commit_count,2023,38
github_contract_path_commit_count,2024,17
github_contract_path_commit_count,2025,5
github_security_keyword_commit_count,2021,47
github_security_keyword_commit_count,2022,74
github_security_keyword_commit_count,2023,38
github_security_keyword_commit_count,2024,17
github_security_keyword_commit_count,2025,5
github_release_count,2021,47
github_release_count,2022,74
github_release_count,2023,38
github_release_count,2024,17
github_release_count,2025,5
github_activity_index,2021,47
github_activity_index,2022,74
github_activity_index,2023,38
github_activity_index,2024,17
github_activity_index,2025,5
