path,exists,family,source,raw_or_transformed,size_bytes,row_count,columns,date_min,date_max,observation_frequency,collection_date_hint,notes
/home/phyrexian/Downloads/llm_automation/project_portfolio/Molina-Optiplex/Sharpe-Renaissance/stablecoin_skynet/data/community/community_attention_panel.csv,True,community,merged Trends+Reddit+Skynet,transformed,922491,20342,slug|date|ticker|name|google_trends_index|reddit_submissions_month|twitter_followers_skynet|twitter_followers_delta_skynet|holder_count_skynet,2021-06-20,2026-06-22,daily,2026-06,
/home/phyrexian/Downloads/llm_automation/project_portfolio/Molina-Optiplex/Sharpe-Renaissance/stablecoin_skynet/data/community/follower_growth_panel.csv,True,community_twitter,Skynet visual harvest twitter series,raw-ish,123818,2326,slug|twitter_handle|date|timestamp_unix|followers|followers_daily_change,2026-05-08,2026-06-22,daily ~4-6w,2026-06,
/home/phyrexian/Downloads/llm_automation/project_portfolio/Molina-Optiplex/Sharpe-Renaissance/stablecoin_skynet/data/community/holder_growth_panel.csv,True,community_holders,Skynet holder series,raw-ish,72753,1871,slug|date|timestamp_unix|holder_count,2026-05-22,2026-06-22,daily short window,2026-06,
/home/phyrexian/Downloads/llm_automation/project_portfolio/Molina-Optiplex/Sharpe-Renaissance/stablecoin_skynet/data/community/accounts.csv,True,community_twitter,Skynet accounts,transformed,10279,71,slug|twitter_handle|twitter_url|telegram_url|followers_current_skynet_card|followers_delta_24h_skynet_card|followers_current_info_api|twitter_growth_points|twitter_growth_start_date|twitter_growth_end_date|twitter_growth_start_followers|twitter_growth_end_followers|holder_growth_points|holder_growth_start_date|holder_growth_end_date|holder_growth_start_count|holder_growth_end_count|twitter_account_age_skynet|twitter_tweets_24h,,,cross-section,2026-06,
/home/phyrexian/Downloads/llm_automation/project_portfolio/Molina-Optiplex/Sharpe-Renaissance/stablecoin_skynet/data/community/google_trends,True,community_trends,Google Trends,raw+panel,1539058,,,,,weekly native,2026-06, n_files=72
/home/phyrexian/Downloads/llm_automation/project_portfolio/Molina-Optiplex/Sharpe-Renaissance/stablecoin_skynet/data/community/reddit,True,community_reddit,PullPush Reddit,raw+panel,60827,,,,,monthly,2026-06, n_files=67
/home/phyrexian/Downloads/llm_automation/project_portfolio/Molina-Optiplex/Sharpe-Renaissance/stablecoin_skynet/data/community/coingecko,True,community_coingecko,CoinGecko community snapshot,raw,20974,,,,,snapshot,2026-06, n_files=26
/home/phyrexian/Downloads/llm_automation/project_portfolio/Molina-Optiplex/Sharpe-Renaissance/stablecoin_skynet/data/community/pulses.jsonl,True,community_pulses,Skynet pulses,raw,1962274,,,,,event,2026-06,
/home/phyrexian/Downloads/llm_automation/project_portfolio/Molina-Optiplex/Sharpe-Renaissance/stablecoin_skynet/data/community/registry.json,True,identity,community registry,config,20613,,,,,,2026-06,
/home/phyrexian/Downloads/llm_automation/project_portfolio/Molina-Optiplex/Sharpe-Renaissance/stablecoin_skynet/data/community/METHODOLOGY.md,True,docs,community methodology,doc,1109,,,,,,,
/home/phyrexian/Downloads/llm_automation/project_portfolio/Molina-Optiplex/Sharpe-Renaissance/stablecoin_skynet/data/community/PROFESSOR_HANDOFF.md,True,docs,early professor framing,doc,3334,,,,,,,
/home/phyrexian/Downloads/llm_automation/project_portfolio/Molina-Optiplex/Sharpe-Renaissance/stablecoin_skynet/data/harvest_20260622T132438Z,True,skynet_harvest,CertiK Skynet API harvest,raw,10254362,,,,,,2026-06-22,canonical harvest_20260622T132438Z n_files=75
/home/phyrexian/Downloads/llm_automation/project_portfolio/Molina-Optiplex/Sharpe-Renaissance/stablecoin_skynet/data/harvest_20260622T132030Z,True,skynet_harvest,CertiK Skynet,raw,4000,,,,,,20260622T132030Z,alternate/partial harvest n_files=3
/home/phyrexian/Downloads/llm_automation/project_portfolio/Molina-Optiplex/Sharpe-Renaissance/stablecoin_skynet/data/harvest_20260622T132233Z,True,skynet_harvest,CertiK Skynet,raw,282228,,,,,,20260622T132233Z,alternate/partial harvest n_files=3
/home/phyrexian/Downloads/llm_automation/project_portfolio/Molina-Optiplex/Sharpe-Renaissance/stablecoin_skynet/data/harvest_20260622T132438Z,True,skynet_harvest,CertiK Skynet,raw,10254362,,,,,,20260622T132438Z,alternate/partial harvest n_files=75
/home/phyrexian/Downloads/llm_automation/project_portfolio/Molina-Optiplex/Sharpe-Renaissance/stablecoin_skynet/data/harvest_20260623T173150Z,True,skynet_harvest,CertiK Skynet,raw,3423927,,,,,,20260623T173150Z,alternate/partial harvest n_files=26
/home/phyrexian/Downloads/llm_automation/project_portfolio/Molina-Optiplex/Sharpe-Renaissance/stablecoin_skynet/data/harvest_20260623T173915Z,True,skynet_harvest,CertiK Skynet,raw,3422344,,,,,,20260623T173915Z,alternate/partial harvest n_files=26
/home/phyrexian/Downloads/llm_automation/project_portfolio/Molina-Optiplex/Sharpe-Renaissance/stablecoin_skynet/data/harvest_run.log,True,skynet_harvest,CertiK Skynet,raw,1494,,,,,,run.log,alternate/partial harvest
/home/phyrexian/Downloads/llm_automation/project_portfolio/Molina-Optiplex/Sharpe-Renaissance/data/datasets/stablecoin_trust_engagement/20260707/factors/adoption_panel_daily.csv,True,package_factors,research build factor block,transformed,3695604,71956,entity_id|date|defillama_id|gecko_id|supply_usd|supply_growth_dod_pct,2021-01-01,2026-06-26,,20260707,
/home/phyrexian/Downloads/llm_automation/project_portfolio/Molina-Optiplex/Sharpe-Renaissance/data/datasets/stablecoin_trust_engagement/20260707/factors/adoption_panel_weekly.csv,True,package_factors,research build factor block,transformed,633616,10335,entity_id|week|defillama_id|gecko_id|supply_usd_end|supply_usd_mean|supply_growth_wow_pct,2020-W53,2026-W26,,20260707,
/home/phyrexian/Downloads/llm_automation/project_portfolio/Molina-Optiplex/Sharpe-Renaissance/data/datasets/stablecoin_trust_engagement/20260707/factors/engagement_panel_daily.csv,True,package_factors,research build factor block,transformed,826745,20342,entity_id|date|google_trends_index|reddit_submissions|twitter_followers|twitter_followers_dod_pct|holder_count|holder_dod_pct|community_growth_index,2021-06-20,2026-06-22,,20260707,
/home/phyrexian/Downloads/llm_automation/project_portfolio/Molina-Optiplex/Sharpe-Renaissance/data/datasets/stablecoin_trust_engagement/20260707/factors/engagement_panel_monthly.csv,True,package_factors,research build factor block,transformed,182632,4272,entity_id|month|google_trends_index_mean|google_trends_observations|reddit_submissions_sum|reddit_observations|twitter_followers_end|twitter_followers_mom_pct|holder_count_end|holder_mom_pct|community_growth_index|panel_row_count,2021-06,2026-06,,20260707,
/home/phyrexian/Downloads/llm_automation/project_portfolio/Molina-Optiplex/Sharpe-Renaissance/data/datasets/stablecoin_trust_engagement/20260707/factors/engagement_panel_weekly.csv,True,package_factors,research build factor block,transformed,724713,18361,entity_id|week|google_trends_index_mean|google_trends_observations|reddit_submissions_sum|twitter_followers_end|twitter_followers_wow_pct|holder_count_end|holder_wow_pct|community_growth_index,2021-W24,2026-W26,,20260707,
/home/phyrexian/Downloads/llm_automation/project_portfolio/Molina-Optiplex/Sharpe-Renaissance/data/datasets/stablecoin_trust_engagement/20260707/factors/gdelt_entity_panel_daily.csv,True,package_factors,research build factor block,transformed,566104,13908,entity_id|date|gdelt_entity_mention_rows|gdelt_entity_tone_avg|gdelt_entity_security_exploit_rows|gdelt_entity_regulation_rows|gdelt_entity_market_stress_rows|gdelt_entity_exchange_rows,2018-01-01,2026-06-26,,20260707,
/home/phyrexian/Downloads/llm_automation/project_portfolio/Molina-Optiplex/Sharpe-Renaissance/data/datasets/stablecoin_trust_engagement/20260707/factors/gdelt_entity_panel_weekly.csv,True,package_factors,research build factor block,transformed,156124,4002,entity_id|week|gdelt_entity_mention_rows|gdelt_entity_tone_avg|gdelt_entity_security_exploit_rows|gdelt_entity_regulation_rows|gdelt_entity_market_stress_rows|gdelt_entity_exchange_rows,2018-W01,2026-W26,,20260707,
/home/phyrexian/Downloads/llm_automation/project_portfolio/Molina-Optiplex/Sharpe-Renaissance/data/datasets/stablecoin_trust_engagement/20260707/factors/gdelt_sector_panel_daily.csv,True,package_factors,research build factor block,transformed,87486,3082,date|gdelt_sector_crypto_rows|gdelt_sector_stablecoin_rows|gdelt_sector_security_exploit_rows|gdelt_sector_regulation_rows|gdelt_sector_market_stress_rows,2018-01-01,2026-06-26,,20260707,
/home/phyrexian/Downloads/llm_automation/project_portfolio/Molina-Optiplex/Sharpe-Renaissance/data/datasets/stablecoin_trust_engagement/20260707/factors/gdelt_sector_panel_weekly.csv,True,package_factors,research build factor block,transformed,13749,441,week|gdelt_sector_crypto_rows|gdelt_sector_stablecoin_rows|gdelt_sector_security_exploit_rows|gdelt_sector_regulation_rows|gdelt_sector_market_stress_rows,2018-W01,2026-W26,,20260707,
/home/phyrexian/Downloads/llm_automation/project_portfolio/Molina-Optiplex/Sharpe-Renaissance/data/datasets/stablecoin_trust_engagement/20260707/factors/github_security_activity_weekly.csv,True,package_factors,research build factor block,transformed,13365,207,entity_id|week|repo_full_name|github_commit_count|github_contract_path_commit_count|github_security_keyword_commit_count|github_release_count|github_activity_index,2020-W53,2025-W40,,20260707,
/home/phyrexian/Downloads/llm_automation/project_portfolio/Molina-Optiplex/Sharpe-Renaissance/data/datasets/stablecoin_trust_engagement/20260707/factors/incident_panel_weekly.csv,True,package_factors,research build factor block,transformed,576852,18673,entity_id|week|incident_count|hack_dummy|depeg_dummy|regulation_dummy|incident_severity_max,2021-W24,2026-W26,,20260707,
/home/phyrexian/Downloads/llm_automation/project_portfolio/Molina-Optiplex/Sharpe-Renaissance/data/datasets/stablecoin_trust_engagement/20260707/factors/skynet_governance_chains.csv,True,package_factors,research build factor block,transformed,27039,161,chain|chain_index|entity_id|gov_antiWhale|gov_balanceModifiable|gov_blacklist|gov_externalCallRisk|gov_hiddenOwner|gov_honeypot|gov_mintFunction|gov_modifiableAntiWhale|gov_modifiableTax|gov_openSource|gov_ownershipRenounce|gov_proxyContract|gov_retrieveOwnership|gov_selfDestruct|gov_transferPausable|harvested_at|token_address|token_age,,,,20260707,
/home/phyrexian/Downloads/llm_automation/project_portfolio/Molina-Optiplex/Sharpe-Renaissance/data/datasets/stablecoin_trust_engagement/20260707/factors/skynet_project_index.csv,True,package_factors,research build factor block,transformed,22182,71,entity_id|harvested_at|endpoint_count|endpoints|has_governance_strength|has_security_incidents|json_path,,,,20260707,
/home/phyrexian/Downloads/llm_automation/project_portfolio/Molina-Optiplex/Sharpe-Renaissance/data/datasets/stablecoin_trust_engagement/20260707/factors/trust_stress_panel_daily.csv,True,package_factors,research build factor block,transformed,4154981,72179,entity_id|date|gecko_id|peg_price|peg_deviation|peg_deviation_abs,2021-01-01,2026-06-26,,20260707,
/home/phyrexian/Downloads/llm_automation/project_portfolio/Molina-Optiplex/Sharpe-Renaissance/data/datasets/stablecoin_trust_engagement/20260707/factors/trust_stress_panel_weekly.csv,True,package_factors,research build factor block,transformed,649728,10643,entity_id|week|gecko_id|peg_price_mean|peg_deviation_mean|peg_deviation_abs_max|peg_below_99_flag|peg_below_95_flag,2020-W53,2026-W26,,20260707,
/home/phyrexian/Downloads/llm_automation/project_portfolio/Molina-Optiplex/Sharpe-Renaissance/data/datasets/stablecoin_trust_engagement/20260707/factors/wikipedia_panel_daily.csv,True,package_factors,research build factor block,transformed,758092,23192,entity_id|date|wikipedia_article|wikipedia_pageviews,2021-07-07,2026-07-05,,20260707,
/home/phyrexian/Downloads/llm_automation/project_portfolio/Molina-Optiplex/Sharpe-Renaissance/data/datasets/stablecoin_trust_engagement/20260707/factors/wikipedia_panel_weekly.csv,True,package_factors,research build factor block,transformed,141652,3846,entity_id|week|wikipedia_article|wikipedia_pageviews_sum|wikipedia_pageviews_mean,2021-W27,2026-W27,,20260707,
/home/phyrexian/Downloads/llm_automation/project_portfolio/Molina-Optiplex/Sharpe-Renaissance/data/datasets/stablecoin_trust_engagement/20260707/panels/research_panel_daily.csv,True,package_panels,research build panel,transformed,20313339,107053,entity_id|date|google_trends_index|reddit_submissions|twitter_followers|twitter_followers_dod_pct|holder_count|holder_dod_pct|community_growth_index|security_as_of|code_security_score|code_security_worst_chain|governance_chains_scanned|skynet_score|score_code_security|score_governance|score_community|score_market|score_fundamental|score_operation|token_open_source|token_mint_function|token_honeypot|token_age_days|governance_items|website_scan_deducted_score|exchange_pairs|exchange_count|exchange_volume_24h|pulse_items|skynet_endpoints_with_data|etherscan_holders|etherscan_onchain_mcap_usd|contract_risk_flags|risky_smart_contracts|gdelt_entity_mention_rows|gdelt_entity_tone_avg|gdelt_entity_security_exploit_rows|gdelt_entity_regulation_rows|gdelt_entity_market_stress_rows|gdelt_entity_exchange_rows|gdelt_sector_crypto_rows|gdelt_sector_stablecoin_rows|gdelt_sector_security_exploit_rows|gdelt_sector_regulation_rows|gdelt_sector_market_stress_rows|defillama_id|gecko_id|supply_usd|supply_growth_dod_pct|peg_price|peg_deviation|peg_deviation_abs|wikipedia_article|wikipedia_pageviews,2018-01-01,2026-07-05,,20260707,
/home/phyrexian/Downloads/llm_automation/project_portfolio/Molina-Optiplex/Sharpe-Renaissance/data/datasets/stablecoin_trust_engagement/20260707/panels/research_panel_latest.csv,True,package_panels,research build panel,transformed,10405,71,entity_id|canonical_name|security_as_of|code_security_score|skynet_score|score_code_security|score_governance|website_scan_deducted_score|contract_risk_flags|governance_chains_scanned|token_open_source|token_mint_function|governance_items|etherscan_holders|etherscan_onchain_mcap_usd|google_trends_peak|google_trends_latest|reddit_submissions_peak_month|reddit_submissions_latest_month|community_twitter_growth_pct|community_holder_growth_pct|coingecko_community_score|coingecko_twitter_followers|skynet_market_cap_usd|exchange_volume_24h|has_community_proxy|in_etherscan_stablecoin_list|coverage_score|trust_index|trust_index_n_components|engagement_index,,,,20260707,
/home/phyrexian/Downloads/llm_automation/project_portfolio/Molina-Optiplex/Sharpe-Renaissance/data/datasets/stablecoin_trust_engagement/20260707/panels/research_panel_monthly.csv,True,package_panels,research build panel,transformed,543354,4272,entity_id|month|google_trends_index_mean|google_trends_observations|reddit_submissions_sum|reddit_observations|twitter_followers_end|twitter_followers_mom_pct|holder_count_end|holder_mom_pct|community_growth_index|panel_row_count|security_as_of|code_security_score|code_security_worst_chain|governance_chains_scanned|skynet_score|score_code_security|score_governance|score_community|score_market|score_fundamental|score_operation|token_open_source|token_mint_function|token_honeypot|token_age_days|governance_items|website_scan_deducted_score|exchange_pairs|exchange_count|exchange_volume_24h|pulse_items|skynet_endpoints_with_data|etherscan_holders|etherscan_onchain_mcap_usd|contract_risk_flags|risky_smart_contracts,2021-06,2026-06,,20260707,
/home/phyrexian/Downloads/llm_automation/project_portfolio/Molina-Optiplex/Sharpe-Renaissance/data/datasets/stablecoin_trust_engagement/20260707/panels/research_panel_weekly.csv,True,package_panels,research build panel,transformed,4013794,18673,entity_id|week|google_trends_index_mean|google_trends_observations|reddit_submissions_sum|twitter_followers_end|twitter_followers_wow_pct|holder_count_end|holder_wow_pct|community_growth_index|security_as_of|code_security_score|code_security_worst_chain|governance_chains_scanned|skynet_score|score_code_security|score_governance|score_community|score_market|score_fundamental|score_operation|token_open_source|token_mint_function|token_honeypot|token_age_days|governance_items|website_scan_deducted_score|exchange_pairs|exchange_count|exchange_volume_24h|pulse_items|skynet_endpoints_with_data|etherscan_holders|etherscan_onchain_mcap_usd|contract_risk_flags|risky_smart_contracts|gdelt_entity_mention_rows|gdelt_entity_tone_avg|gdelt_entity_security_exploit_rows|gdelt_entity_regulation_rows|gdelt_entity_market_stress_rows|gdelt_entity_exchange_rows|gdelt_sector_crypto_rows|gdelt_sector_stablecoin_rows|gdelt_sector_security_exploit_rows|gdelt_sector_regulation_rows|gdelt_sector_market_stress_rows|peg_price_mean|peg_deviation_mean|peg_deviation_abs_max|peg_below_99_flag|peg_below_95_flag|incident_count|hack_dummy|depeg_dummy|regulation_dummy|incident_severity_max|sector_shock_flag|sector_shock_count|security_event_count|security_event_flag|supply_usd_end|supply_usd_mean|supply_growth_wow_pct|wikipedia_pageviews_sum|wikipedia_pageviews_mean|github_commit_count|github_contract_path_commit_count|github_security_keyword_commit_count|github_release_count|github_activity_index|github_repo_full_name,2021-W24,2026-W26,,20260707,
/home/phyrexian/Downloads/llm_automation/project_portfolio/Molina-Optiplex/Sharpe-Renaissance/data/datasets/stablecoin_trust_engagement/20260707/panels/research_panel_weekly_full_history.csv,True,package_panels,research build panel,transformed,4404525,20652,entity_id|week|google_trends_index_mean|google_trends_observations|reddit_submissions_sum|twitter_followers_end|twitter_followers_wow_pct|holder_count_end|holder_wow_pct|community_growth_index|security_as_of|code_security_score|code_security_worst_chain|governance_chains_scanned|skynet_score|score_code_security|score_governance|score_community|score_market|score_fundamental|score_operation|token_open_source|token_mint_function|token_honeypot|token_age_days|governance_items|website_scan_deducted_score|exchange_pairs|exchange_count|exchange_volume_24h|pulse_items|skynet_endpoints_with_data|etherscan_holders|etherscan_onchain_mcap_usd|contract_risk_flags|risky_smart_contracts|gdelt_entity_mention_rows|gdelt_entity_tone_avg|gdelt_entity_security_exploit_rows|gdelt_entity_regulation_rows|gdelt_entity_market_stress_rows|gdelt_entity_exchange_rows|gdelt_sector_crypto_rows|gdelt_sector_stablecoin_rows|gdelt_sector_security_exploit_rows|gdelt_sector_regulation_rows|gdelt_sector_market_stress_rows|peg_price_mean|peg_deviation_mean|peg_deviation_abs_max|peg_below_99_flag|peg_below_95_flag|incident_count|hack_dummy|depeg_dummy|regulation_dummy|incident_severity_max|sector_shock_flag|sector_shock_count|security_event_count|security_event_flag|supply_usd_end|supply_usd_mean|supply_growth_wow_pct|wikipedia_pageviews_sum|wikipedia_pageviews_mean|github_commit_count|github_contract_path_commit_count|github_security_keyword_commit_count|github_release_count|github_activity_index|github_repo_full_name,2018-W01,2026-W27,,20260707,
/home/phyrexian/Downloads/llm_automation/project_portfolio/Molina-Optiplex/Sharpe-Renaissance/data/datasets/stablecoin_trust_engagement/20260707/panel_weekly.csv,True,package_root,curated handoff,transformed,1291617,18673,entity_id|week|google_trends_index_mean|community_growth_index|code_security_score|peg_deviation_abs_max|peg_below_99_flag|supply_usd_end|supply_growth_wow_pct|incident_count|depeg_dummy|sector_shock_flag|sector_shock_count|security_event_flag|gdelt_entity_mention_rows|gdelt_sector_stablecoin_rows|wikipedia_pageviews_sum,2021-W24,2026-W26,,20260707,
/home/phyrexian/Downloads/llm_automation/project_portfolio/Molina-Optiplex/Sharpe-Renaissance/data/datasets/stablecoin_trust_engagement/20260707/panel_latest.csv,True,package_root,curated handoff,transformed,4856,71,entity_id|canonical_name|code_security_score|governance_chains_scanned|google_trends_peak|google_trends_latest|community_twitter_growth_pct|coverage_score|trust_index|trust_index_n_components|engagement_index,,,,20260707,
/home/phyrexian/Downloads/llm_automation/project_portfolio/Molina-Optiplex/Sharpe-Renaissance/data/datasets/stablecoin_trust_engagement/20260707/entities.csv,True,package_root,curated handoff,transformed,12577,71,entity_id|canonical_name|skynet_name|etherscan_name|etherscan_join_suspect|primary_ethereum_address|skynet_slug|coingecko_id|in_skynet_leaderboard|join_method|sources,,,,20260707,
/home/phyrexian/Downloads/llm_automation/project_portfolio/Molina-Optiplex/Sharpe-Renaissance/data/datasets/stablecoin_trust_engagement/20260707/incidents.csv,True,package_root,curated handoff,transformed,2241,14,incident_id|entity_id|event_date|event_type|severity|summary|source_url|source,,,,20260707,
/home/phyrexian/Downloads/llm_automation/project_portfolio/Molina-Optiplex/Sharpe-Renaissance/data/datasets/stablecoin_trust_engagement/20260707/sector_shocks.csv,True,package_root,curated handoff,transformed,1932,9,event_id|entity_id|event_date|event_type|severity|event_name|summary|source_url|notes|scope|source,,,,20260707,
/home/phyrexian/Downloads/llm_automation/project_portfolio/Molina-Optiplex/Sharpe-Renaissance/data/datasets/stablecoin_trust_engagement/20260707/security_events.csv,True,package_root,curated handoff,transformed,1325,5,event_id|entity_id|event_date|event_type|severity|event_name|summary|source_url|notes|scope|source,,,,20260707,
/home/phyrexian/Downloads/llm_automation/project_portfolio/Molina-Optiplex/Sharpe-Renaissance/data/datasets/stablecoin_trust_engagement/20260707/professor_simple/stablecoin_simple_latest.csv,True,professor_simple,faculty export,transformed,10858,71,entity_id|coin|symbol|skynet_project_url|code_security_score|skynet_score|has_audit_or_security_score|trust_index|trust_index_n_components|google_trends_latest|attention_proxy_latest|peg_deviation_recent|supply_usd_latest|incident_count_total|has_incidents|has_gdelt|has_wikipedia|data_quality_note,,,,20260707,
/home/phyrexian/Downloads/llm_automation/project_portfolio/Molina-Optiplex/Sharpe-Renaissance/data/datasets/stablecoin_trust_engagement/20260707/professor_simple/stablecoin_simple_weekly.csv,True,professor_simple,faculty export,transformed,1194912,18673,entity_id|week|code_security_score|google_trends_index|attention_proxy_index|peg_deviation|peg_below_99_flag|supply_usd|supply_growth|incident_count|depeg_dummy|sector_shock_flag|security_event_flag|gdelt_entity_mention_rows|wikipedia_pageviews_sum,2021-W24,2026-W26,,20260707,
/home/phyrexian/Downloads/llm_automation/project_portfolio/Molina-Optiplex/Sharpe-Renaissance/data/datasets/stablecoin_trust_engagement/20260707/reference/code_security_snapshot.csv,True,reference,snapshots/maps,transformed,9836,71,entity_id|security_as_of|code_security_score|code_security_worst_chain|code_security_best_chain|governance_chains_scanned|contract_risk_flags|skynet_score|score_code_security|website_scan_deducted_score|risky_smart_contracts|gov_flag_antiWhale|gov_flag_balanceModifiable|gov_flag_blacklist|gov_flag_externalCallRisk|gov_flag_hiddenOwner|gov_flag_honeypot|gov_flag_mintFunction|gov_flag_modifiableAntiWhale|gov_flag_modifiableTax|gov_flag_openSource|gov_flag_ownershipRenounce|gov_flag_proxyContract|gov_flag_retrieveOwnership|gov_flag_selfDestruct|gov_flag_transferPausable,,,,20260707,
/home/phyrexian/Downloads/llm_automation/project_portfolio/Molina-Optiplex/Sharpe-Renaissance/data/datasets/stablecoin_trust_engagement/20260707/reference/defillama_entity_map.csv,True,reference,snapshots/maps,transformed,2886,68,entity_id|defillama_id|gecko_id|match_method,,,,20260707,
/home/phyrexian/Downloads/llm_automation/project_portfolio/Molina-Optiplex/Sharpe-Renaissance/data/datasets/stablecoin_trust_engagement/20260707/reference/entities.csv,True,reference,snapshots/maps,transformed,46735,164,entity_id|canonical_name|skynet_slug|skynet_name|primary_ethereum_address|all_ethereum_addresses|coingecko_id|etherscan_symbol|etherscan_coingecko|in_skynet_leaderboard|in_etherscan_stablecoin_list|join_method|sources|skynet_url|etherscan_url,,,,20260707,
/home/phyrexian/Downloads/llm_automation/project_portfolio/Molina-Optiplex/Sharpe-Renaissance/data/datasets/stablecoin_trust_engagement/20260707/reference/github_repo_map.csv,True,reference,snapshots/maps,transformed,512,13,entity_id|repo_full_name,,,,20260707,
/home/phyrexian/Downloads/llm_automation/project_portfolio/Molina-Optiplex/Sharpe-Renaissance/data/datasets/stablecoin_trust_engagement/20260707/reference/security_snapshot.csv,True,reference,snapshots/maps,transformed,7322,71,entity_id|security_as_of|code_security_score|code_security_worst_chain|governance_chains_scanned|skynet_score|score_code_security|score_governance|score_community|score_market|score_fundamental|score_operation|token_open_source|token_mint_function|token_honeypot|token_age_days|governance_items|website_scan_deducted_score|exchange_pairs|exchange_count|exchange_volume_24h|pulse_items|skynet_endpoints_with_data|etherscan_holders|etherscan_onchain_mcap_usd|contract_risk_flags|risky_smart_contracts,,,,20260707,
/home/phyrexian/Downloads/llm_automation/project_portfolio/Molina-Optiplex/Sharpe-Renaissance/stablecoin_skynet/data/derived/defillama,True,defillama_cache,DeFiLlama API cache,raw,220305186,,,,,,,large cache ~211MB n_files=79
/home/phyrexian/Downloads/llm_automation/project_portfolio/Molina-Optiplex/Sharpe-Renaissance/stablecoin_skynet/data/derived/wikipedia,True,wikipedia_cache,Wikimedia pageviews,raw,10897291,,,,,,, n_files=156
/home/phyrexian/Downloads/llm_automation/project_portfolio/Molina-Optiplex/Sharpe-Renaissance/stablecoin_skynet/data/derived/github,True,github_cache,GitHub activity,raw,19426032,,,,,,, n_files=30
/home/phyrexian/Downloads/llm_automation/project_portfolio/Molina-Optiplex/Sharpe-Renaissance/stablecoin_skynet/data/derived/gdelt_entity_panel_daily.csv,True,gdelt,GDELT entity panel,transformed,566104,13908,entity_id|date|gdelt_entity_mention_rows|gdelt_entity_tone_avg|gdelt_entity_security_exploit_rows|gdelt_entity_regulation_rows|gdelt_entity_market_stress_rows|gdelt_entity_exchange_rows,2018-01-01,2026-06-26,,,
/home/phyrexian/Downloads/llm_automation/project_portfolio/Molina-Optiplex/Sharpe-Renaissance/config/stablecoin_curated_incidents.json,True,config,mapping/events,config,4901,,,,,,,
/home/phyrexian/Downloads/llm_automation/project_portfolio/Molina-Optiplex/Sharpe-Renaissance/config/stablecoin_defillama_map.json,True,config,mapping/events,config,4351,,,,,,,
/home/phyrexian/Downloads/llm_automation/project_portfolio/Molina-Optiplex/Sharpe-Renaissance/config/stablecoin_gdelt_aliases.json,True,config,mapping/events,config,11508,,,,,,,
/home/phyrexian/Downloads/llm_automation/project_portfolio/Molina-Optiplex/Sharpe-Renaissance/config/stablecoin_github_repos.json,True,config,mapping/events,config,829,,,,,,,
/home/phyrexian/Downloads/llm_automation/project_portfolio/Molina-Optiplex/Sharpe-Renaissance/config/stablecoin_sector_shocks.json,True,config,mapping/events,config,3342,,,,,,,
/home/phyrexian/Downloads/llm_automation/project_portfolio/Molina-Optiplex/Sharpe-Renaissance/config/stablecoin_security_events.json,True,config,mapping/events,config,2107,,,,,,,
/home/phyrexian/Downloads/llm_automation/project_portfolio/Molina-Optiplex/Sharpe-Renaissance/config/stablecoin_wikipedia_articles.json,True,config,mapping/events,config,760,,,,,,,
/home/phyrexian/Downloads/llm_automation/project_portfolio/Molina-Optiplex/Sharpe-Renaissance/data_lake/news_shock_taxonomy/derived/gdelt_crypto_overlay,True,gdelt_overlay,news_shock GDELT crypto overlay,raw/derived,116853045,,,,,,, n_files=614
/home/phyrexian/Downloads/llm_automation/project_portfolio/Molina-Optiplex/Sharpe-Renaissance/data_lake/spectator_engine/scrapes,True,etherscan_scrapes,spectator engine scrapes,raw,21034714,,,,,,, n_files=538
